row_id,video_id,agent_id,target_id,action,start_frame,stop_frame
0,438887472,mouse1,mouse3,avoid,267,269
1,438887472,mouse1,mouse3,avoid,272,274
2,438887472,mouse1,mouse3,approach,2275,2279
3,438887472,mouse1,mouse3,approach,2283,2292
4,438887472,mouse1,mouse3,avoid,7603,7604
5,438887472,mouse1,mouse3,avoid,7605,7606
6,438887472,mouse1,mouse4,attack,1280,1282
7,438887472,mouse1,mouse4,submit,1293,1294
8,438887472,mouse1,mouse4,submit,1295,1297
9,438887472,mouse1,mouse4,submit,1301,1310
10,438887472,mouse1,mouse4,submit,1311,1318
11,438887472,mouse1,mouse4,submit,1419,1424
12,438887472,mouse1,mouse4,submit,1425,1435
13,438887472,mouse1,mouse4,attack,1435,1437
14,438887472,mouse1,mouse4,submit,1437,1438
15,438887472,mouse1,mouse4,attack,1438,1441
16,438887472,mouse1,mouse4,submit,1442,1443
17,438887472,mouse1,mouse4,submit,1445,1453
18,438887472,mouse1,mouse4,attack,1453,1466
19,438887472,mouse1,mouse4,submit,1466,1467
20,438887472,mouse1,mouse4,attack,1467,1468
21,438887472,mouse1,mouse4,submit,1468,1469
22,438887472,mouse1,mouse4,attack,1469,1481
23,438887472,mouse1,mouse4,submit,1481,1482
24,438887472,mouse1,mouse4,attack,1482,1486
25,438887472,mouse1,mouse4,submit,1486,1488
26,438887472,mouse1,mouse4,attack,1488,1491
27,438887472,mouse1,mouse4,submit,1491,1496
28,438887472,mouse1,mouse4,attack,1496,1497
29,438887472,mouse1,mouse4,submit,1497,1499
30,438887472,mouse1,mouse4,attack,1499,1502
31,438887472,mouse1,mouse4,submit,1502,1507
32,438887472,mouse1,mouse4,attack,1507,1527
33,438887472,mouse1,mouse4,attack,1528,1531
34,438887472,mouse1,mouse4,attack,1533,1538
35,438887472,mouse1,mouse4,submit,2382,2390
36,438887472,mouse1,mouse4,attack,2415,2416
37,438887472,mouse1,mouse4,attack,2417,2418
38,438887472,mouse1,mouse4,avoid,2562,2591
39,438887472,mouse1,mouse4,avoid,4359,4361
40,438887472,mouse1,mouse4,avoid,4363,4364
41,438887472,mouse1,mouse4,avoid,18032,18038
42,438887472,mouse1,self,rear,2125,2127
43,438887472,mouse1,self,rear,2129,2139
44,438887472,mouse1,self,rear,2177,2178
45,438887472,mouse1,self,rear,2179,2180
46,438887472,mouse1,self,rear,2181,2182
47,438887472,mouse1,self,rear,2187,2188
48,438887472,mouse1,self,rear,2341,2349
49,438887472,mouse1,self,rear,2353,2355
50,438887472,mouse1,self,rear,2385,2386
51,438887472,mouse1,self,rear,2387,2390
52,438887472,mouse1,self,rear,3074,3075
53,438887472,mouse1,self,rear,3081,3088
54,438887472,mouse1,self,rear,4385,4386
55,438887472,mouse1,self,rear,8876,8877
56,438887472,mouse1,self,rear,8878,8882
57,438887472,mouse1,self,rear,8886,8889
58,438887472,mouse1,self,rear,8909,8911
59,438887472,mouse1,self,rear,8912,8943
60,438887472,mouse1,self,rear,8946,8947
61,438887472,mouse1,self,rear,8950,8957
62,438887472,mouse1,self,rear,8960,8980
63,438887472,mouse1,self,rear,8983,9007
64,438887472,mouse1,self,rear,9008,9013
65,438887472,mouse1,self,rear,9019,9022
66,438887472,mouse1,self,rear,9023,9056
67,438887472,mouse1,self,rear,9057,9058
68,438887472,mouse1,self,rear,9061,9063
69,438887472,mouse1,self,rear,9070,9078
70,438887472,mouse1,self,rear,9079,9080
71,438887472,mouse1,self,rear,11528,11529
72,438887472,mouse1,self,rear,14494,14495
73,438887472,mouse1,self,rear,14496,14498
74,438887472,mouse1,self,rear,14504,14505
75,438887472,mouse1,self,rear,14506,14507
76,438887472,mouse1,self,rear,14508,14523
77,438887472,mouse2,mouse1,approach,711,722
78,438887472,mouse2,mouse1,approach,733,736
79,438887472,mouse2,mouse1,avoid,1115,1116
80,438887472,mouse2,mouse1,avoid,1117,1119
81,438887472,mouse2,mouse1,avoid,1120,1166
82,438887472,mouse2,mouse1,avoid,1167,1170
83,438887472,mouse2,mouse1,approach,3122,3126
84,438887472,mouse2,mouse1,approach,8848,8850
85,438887472,mouse2,mouse1,approach,8851,8860
86,438887472,mouse2,mouse1,avoid,8883,8919
87,438887472,mouse2,mouse1,approach,12026,12028
88,438887472,mouse2,mouse1,approach,12032,12033
89,438887472,mouse2,mouse1,approach,12051,12052
90,438887472,mouse2,mouse1,approach,12055,12056
91,438887472,mouse2,mouse1,avoid,12567,12570
92,438887472,mouse2,mouse1,avoid,12571,12573
93,438887472,mouse2,mouse1,avoid,12574,12604
94,438887472,mouse2,mouse1,avoid,14896,14907
95,438887472,mouse2,mouse1,avoid,14908,14929
96,438887472,mouse2,mouse1,avoid,14931,14932
97,438887472,mouse2,mouse1,avoid,17974,17978
98,438887472,mouse2,mouse1,avoid,17979,17982
99,438887472,mouse2,mouse3,approach,285,288
100,438887472,mouse2,mouse3,approach,290,294
101,438887472,mouse2,mouse3,avoid,707,742
102,438887472,mouse2,mouse3,avoid,744,746
103,438887472,mouse2,mouse3,approach,1138,1141
104,438887472,mouse2,mouse3,approach,1144,1145
105,438887472,mouse2,mouse3,approach,1147,1176
106,438887472,mouse2,mouse3,approach,1363,1370
107,438887472,mouse2,mouse3,approach,1371,1392
108,438887472,mouse2,mouse3,avoid,1425,1426
109,438887472,mouse2,mouse3,avoid,1427,1432
110,438887472,mouse2,mouse3,avoid,1436,1437
111,438887472,mouse2,mouse3,avoid,1444,1466
112,438887472,mouse2,mouse3,approach,2641,2642
113,438887472,mouse2,mouse3,approach,2644,2652
114,438887472,mouse2,mouse3,avoid,2676,2682
115,438887472,mouse2,mouse3,avoid,2683,2698
116,438887472,mouse2,mouse3,avoid,2699,2700
117,438887472,mouse2,mouse3,avoid,2703,2716
118,438887472,mouse2,mouse3,approach,3185,3197
119,438887472,mouse2,mouse3,avoid,3400,3401
120,438887472,mouse2,mouse3,avoid,3402,3403
121,438887472,mouse2,mouse3,avoid,3406,3436
122,438887472,mouse2,mouse3,chase,4872,4875
123,438887472,mouse2,mouse3,chase,4880,4884
124,438887472,mouse2,mouse3,chase,4885,4886
125,438887472,mouse2,mouse3,chase,4887,4890
126,438887472,mouse2,mouse3,chase,4910,4917
127,438887472,mouse2,mouse3,chase,4918,4919
128,438887472,mouse2,mouse3,chase,4922,4923
129,438887472,mouse2,mouse3,chase,4925,4926
130,438887472,mouse2,mouse3,chase,4929,4932
131,438887472,mouse2,mouse3,approach,7758,7759
132,438887472,mouse2,mouse3,approach,7760,7776
133,438887472,mouse2,mouse3,avoid,8529,8533
134,438887472,mouse2,mouse3,approach,10594,10596
135,438887472,mouse2,mouse3,approach,10598,10609
136,438887472,mouse2,mouse3,approach,11913,11914
137,438887472,mouse2,mouse3,approach,11921,11922
138,438887472,mouse2,mouse3,approach,16878,16879
139,438887472,mouse2,mouse3,approach,16884,16885
140,438887472,mouse2,mouse3,approach,16887,16888
141,438887472,mouse2,mouse3,approach,16889,16890
142,438887472,mouse2,mouse3,approach,17062,17063
143,438887472,mouse2,mouse3,approach,17067,17069
144,438887472,mouse2,mouse3,approach,17070,17086
145,438887472,mouse2,mouse3,approach,17087,17089
146,438887472,mouse2,mouse3,approach,17175,17176
147,438887472,mouse2,mouse3,approach,17177,17179
148,438887472,mouse2,mouse3,approach,17182,17184
149,438887472,mouse2,mouse3,approach,17994,17995
150,438887472,mouse2,mouse3,approach,17999,18002
151,438887472,mouse2,mouse3,approach,18003,18037
152,438887472,mouse2,mouse3,avoid,18312,18313
153,438887472,mouse2,mouse3,avoid,18315,18350
154,438887472,mouse2,mouse3,avoid,18351,18352
155,438887472,mouse2,mouse4,avoid,132,138
156,438887472,mouse2,mouse4,avoid,139,162
157,438887472,mouse2,mouse4,avoid,716,725
158,438887472,mouse2,mouse4,avoid,726,733
159,438887472,mouse2,mouse4,avoid,734,735
160,438887472,mouse2,mouse4,approach,1099,1111
161,438887472,mouse2,mouse4,avoid,1131,1153
162,438887472,mouse2,mouse4,chase,1844,1852
163,438887472,mouse2,mouse4,approach,2616,2618
164,438887472,mouse2,mouse4,avoid,2649,2653
165,438887472,mouse2,mouse4,avoid,2654,2718
166,438887472,mouse2,mouse4,avoid,3225,3232
167,438887472,mouse2,mouse4,avoid,4452,4522
168,438887472,mouse2,mouse4,approach,4958,4963
169,438887472,mouse2,mouse4,avoid,4992,5000
170,438887472,mouse2,mouse4,approach,5381,5383
171,438887472,mouse2,mouse4,submit,5479,5480
172,438887472,mouse2,mouse4,submit,5481,5482
173,438887472,mouse2,mouse4,submit,5483,5484
174,438887472,mouse2,mouse4,submit,5493,5504
175,438887472,mouse2,mouse4,submit,5510,5514
176,438887472,mouse2,mouse4,avoid,5517,5518
177,438887472,mouse2,mouse4,avoid,5519,5561
178,438887472,mouse2,mouse4,avoid,7167,7214
179,438887472,mouse2,mouse4,avoid,8880,8926
180,438887472,mouse2,mouse4,approach,9412,9414
181,438887472,mouse2,mouse4,approach,9415,9416
182,438887472,mouse2,mouse4,approach,9417,9418
183,438887472,mouse2,mouse4,avoid,9445,9446
184,438887472,mouse2,mouse4,avoid,9447,9482
185,438887472,mouse2,mouse4,avoid,10106,10136
186,438887472,mouse2,mouse4,approach,10269,10278
187,438887472,mouse2,mouse4,approach,10287,10288
188,438887472,mouse2,mouse4,avoid,10583,10584
189,438887472,mouse2,mouse4,submit,13748,13749
190,438887472,mouse2,mouse4,avoid,15478,15479
191,438887472,mouse2,mouse4,avoid,15480,15483
192,438887472,mouse2,mouse4,avoid,15484,15485
193,438887472,mouse2,mouse4,avoid,15486,15487
194,438887472,mouse2,mouse4,avoid,15491,15492
195,438887472,mouse2,mouse4,avoid,15493,15510
196,438887472,mouse2,mouse4,approach,16637,16641
197,438887472,mouse2,mouse4,approach,16642,16673
198,438887472,mouse2,mouse4,avoid,16820,16852
199,438887472,mouse2,mouse4,avoid,16893,16900
200,438887472,mouse2,mouse4,avoid,16902,16903
201,438887472,mouse2,mouse4,avoid,17058,17059
202,438887472,mouse2,mouse4,avoid,17060,17061
203,438887472,mouse2,mouse4,avoid,17062,17093
204,438887472,mouse2,mouse4,avoid,17676,17677
205,438887472,mouse2,mouse4,avoid,17681,17717
206,438887472,mouse2,mouse4,avoid,17953,17988
207,438887472,mouse2,mouse4,avoid,18121,18130
208,438887472,mouse2,mouse4,approach,18402,18411
209,438887472,mouse2,self,rear,456,458
210,438887472,mouse2,self,rear,459,464
211,438887472,mouse2,self,rear,465,467
212,438887472,mouse2,self,rear,468,510
213,438887472,mouse2,self,rear,511,521
214,438887472,mouse2,self,rear,522,527
215,438887472,mouse2,self,rear,534,541
216,438887472,mouse2,self,rear,566,567
217,438887472,mouse2,self,rear,584,585
218,438887472,mouse2,self,rear,588,589
219,438887472,mouse2,self,rear,662,663
220,438887472,mouse2,self,rear,669,670
221,438887472,mouse2,self,rear,780,828
222,438887472,mouse2,self,rear,829,841
223,438887472,mouse2,self,rear,843,890
224,438887472,mouse2,self,rear,892,893
225,438887472,mouse2,self,rear,1234,1235
226,438887472,mouse2,self,rear,1237,1239
227,438887472,mouse2,self,rear,1287,1288
228,438887472,mouse2,self,rear,1531,1560
229,438887472,mouse2,self,rear,1561,1564
230,438887472,mouse2,self,rear,1565,1568
231,438887472,mouse2,self,rear,1569,1602
232,438887472,mouse2,self,rear,2081,2082
233,438887472,mouse2,self,rear,2135,2137
234,438887472,mouse2,self,rear,2138,2192
235,438887472,mouse2,self,rear,2230,2363
236,438887472,mouse2,self,rear,2368,2369
237,438887472,mouse2,self,rear,2371,2372
238,438887472,mouse2,self,rear,2373,2374
239,438887472,mouse2,self,rear,2380,2386
240,438887472,mouse2,self,rear,2388,2390
241,438887472,mouse2,self,rear,2394,2395
242,438887472,mouse2,self,rear,2420,2421
243,438887472,mouse2,self,rear,2425,2426
244,438887472,mouse2,self,rear,2430,2432
245,438887472,mouse2,self,rear,2433,2438
246,438887472,mouse2,self,rear,2439,2440
247,438887472,mouse2,self,rear,2455,2457
248,438887472,mouse2,self,rear,2458,2481
249,438887472,mouse2,self,rear,2483,2495
250,438887472,mouse2,self,rear,2497,2542
251,438887472,mouse2,self,rear,2546,2548
252,438887472,mouse2,self,rear,2551,2552
253,438887472,mouse2,self,rear,2974,2975
254,438887472,mouse2,self,rear,3080,3083
255,438887472,mouse2,self,rear,3089,3092
256,438887472,mouse2,self,rear,3601,3602
257,438887472,mouse2,self,rear,3604,3614
258,438887472,mouse2,self,rear,3615,3628
259,438887472,mouse2,self,rear,3629,3630
260,438887472,mouse2,self,rear,3633,3634
261,438887472,mouse2,self,rear,3635,3650
262,438887472,mouse2,self,rear,3652,3653
263,438887472,mouse2,self,rear,3793,3797
264,438887472,mouse2,self,rear,3857,3858
265,438887472,mouse2,self,rear,3859,3879
266,438887472,mouse2,self,rear,3880,3937
267,438887472,mouse2,self,rear,4102,4104
268,438887472,mouse2,self,rear,4106,4112
269,438887472,mouse2,self,rear,4113,4114
270,438887472,mouse2,self,rear,4115,4120
271,438887472,mouse2,self,rear,4122,4126
272,438887472,mouse2,self,rear,4127,4128
273,438887472,mouse2,self,rear,4129,4144
274,438887472,mouse2,self,rear,4147,4149
275,438887472,mouse2,self,rear,4150,4151
276,438887472,mouse2,self,rear,4280,4282
277,438887472,mouse2,self,rear,4284,4285
278,438887472,mouse2,self,rear,4294,4315
279,438887472,mouse2,self,rear,4400,4401
280,438887472,mouse2,self,rear,4402,4403
281,438887472,mouse2,self,rear,4407,4409
282,438887472,mouse2,self,rear,4410,4416
283,438887472,mouse2,self,rear,4417,4424
284,438887472,mouse2,self,rear,4425,4426
285,438887472,mouse2,self,rear,4427,4434
286,438887472,mouse2,self,rear,4449,4450
287,438887472,mouse2,self,rear,4647,4683
288,438887472,mouse2,self,rear,4693,4694
289,438887472,mouse2,self,rear,4892,4941
290,438887472,mouse2,self,rear,4943,4946
291,438887472,mouse2,self,rear,4955,4956
292,438887472,mouse2,self,rear,5132,5133
293,438887472,mouse2,self,rear,5141,5142
294,438887472,mouse2,self,rear,5470,5471
295,438887472,mouse2,self,rear,5475,5477
296,438887472,mouse2,self,rear,5478,5481
297,438887472,mouse2,self,rear,5482,5491
298,438887472,mouse2,self,rear,5492,5493
299,438887472,mouse2,self,rear,5494,5497
300,438887472,mouse2,self,rear,5499,5503
301,438887472,mouse2,self,rear,6508,6509
302,438887472,mouse2,self,rear,6511,6512
303,438887472,mouse2,self,rear,6513,6514
304,438887472,mouse2,self,rear,6521,6522
305,438887472,mouse2,self,rear,6533,6534
306,438887472,mouse2,self,rear,7129,7131
307,438887472,mouse2,self,rear,7132,7147
308,438887472,mouse2,self,rear,7153,7154
309,438887472,mouse2,self,rear,7155,7157
310,438887472,mouse2,self,rear,7324,7325
311,438887472,mouse2,self,rear,7570,7578
312,438887472,mouse2,self,rear,7580,7594
313,438887472,mouse2,self,rear,7600,7601
314,438887472,mouse2,self,rear,7605,7632
315,438887472,mouse2,self,rear,7633,7634
316,438887472,mouse2,self,rear,7635,7638
317,438887472,mouse2,self,rear,7639,7640
318,438887472,mouse2,self,rear,7641,7668
319,438887472,mouse2,self,rear,7669,7670
320,438887472,mouse2,self,rear,7671,7672
321,438887472,mouse2,self,rear,7709,7710
322,438887472,mouse2,self,rear,7712,7716
323,438887472,mouse2,self,rear,7724,7725
324,438887472,mouse2,self,rear,7732,7735
325,438887472,mouse2,self,rear,7752,7753
326,438887472,mouse2,self,rear,7813,7814
327,438887472,mouse2,self,rear,7820,7823
328,438887472,mouse2,self,rear,7826,7827
329,438887472,mouse2,self,rear,7830,7835
330,438887472,mouse2,self,rear,7836,7837
331,438887472,mouse2,self,rear,7839,7842
332,438887472,mouse2,self,rear,7843,7847
333,438887472,mouse2,self,rear,7853,7858
334,438887472,mouse2,self,rear,7859,7860
335,438887472,mouse2,self,rear,7865,7867
336,438887472,mouse2,self,rear,7976,7977
337,438887472,mouse2,self,rear,7981,7982
338,438887472,mouse2,self,rear,7984,7985
339,438887472,mouse2,self,rear,7987,7991
340,438887472,mouse2,self,rear,7993,7995
341,438887472,mouse2,self,rear,8017,8022
342,438887472,mouse2,self,rear,8025,8026
343,438887472,mouse2,self,rear,8027,8038
344,438887472,mouse2,self,rear,8259,8261
345,438887472,mouse2,self,rear,8265,8270
346,438887472,mouse2,self,rear,8272,8278
347,438887472,mouse2,self,rear,8285,8293
348,438887472,mouse2,self,rear,8294,8296
349,438887472,mouse2,self,rear,8338,8339
350,438887472,mouse2,self,rear,8382,8384
351,438887472,mouse2,self,rear,8392,8393
352,438887472,mouse2,self,rear,8394,8476
353,438887472,mouse2,self,rear,8478,8483
354,438887472,mouse2,self,rear,8484,8485
355,438887472,mouse2,self,rear,8487,8488
356,438887472,mouse2,self,rear,8673,8674
357,438887472,mouse2,self,rear,8771,8773
358,438887472,mouse2,self,rear,8775,8776
359,438887472,mouse2,self,rear,8872,8874
360,438887472,mouse2,self,rear,9829,9832
361,438887472,mouse2,self,rear,9834,9835
362,438887472,mouse2,self,rear,9836,9837
363,438887472,mouse2,self,rear,9839,9842
364,438887472,mouse2,self,rear,9991,9995
365,438887472,mouse2,self,rear,10000,10033
366,438887472,mouse2,self,rear,10036,10041
367,438887472,mouse2,self,rear,10050,10053
368,438887472,mouse2,self,rear,10060,10061
369,438887472,mouse2,self,rear,10065,10074
370,438887472,mouse2,self,rear,10075,10083
371,438887472,mouse2,self,rear,10084,10085
372,438887472,mouse2,self,rear,10086,10091
373,438887472,mouse2,self,rear,10092,10095
374,438887472,mouse2,self,rear,10098,10099
375,438887472,mouse2,self,rear,10173,10175
376,438887472,mouse2,self,rear,10212,10213
377,438887472,mouse2,self,rear,10220,10223
378,438887472,mouse2,self,rear,10404,10481
379,438887472,mouse2,self,rear,11023,11024
380,438887472,mouse2,self,rear,11025,11092
381,438887472,mouse2,self,rear,11197,11200
382,438887472,mouse2,self,rear,11772,11773
383,438887472,mouse2,self,rear,11774,11789
384,438887472,mouse2,self,rear,12789,12791
385,438887472,mouse2,self,rear,12796,12797
386,438887472,mouse2,self,rear,12801,12802
387,438887472,mouse2,self,rear,12803,12805
388,438887472,mouse2,self,rear,12807,12882
389,438887472,mouse2,self,rear,12885,12886
390,438887472,mouse2,self,rear,12897,12899
391,438887472,mouse2,self,rear,13063,13064
392,438887472,mouse2,self,rear,13068,13096
393,438887472,mouse2,self,rear,13098,13099
394,438887472,mouse2,self,rear,13108,13109
395,438887472,mouse2,self,rear,13133,13136
396,438887472,mouse2,self,rear,13137,13138
397,438887472,mouse2,self,rear,13162,13165
398,438887472,mouse2,self,rear,13167,13168
399,438887472,mouse2,self,rear,13169,13170
400,438887472,mouse2,self,rear,13172,13173
401,438887472,mouse2,self,rear,13174,13179
402,438887472,mouse2,self,rear,13180,13192
403,438887472,mouse2,self,rear,13193,13205
404,438887472,mouse2,self,rear,13206,13231
405,438887472,mouse2,self,rear,13232,13233
406,438887472,mouse2,self,rear,13511,13516
407,438887472,mouse2,self,rear,13517,13523
408,438887472,mouse2,self,rear,13524,13540
409,438887472,mouse2,self,rear,14029,14030
410,438887472,mouse2,self,rear,14033,14034
411,438887472,mouse2,self,rear,14039,14110
412,438887472,mouse2,self,rear,14150,14153
413,438887472,mouse2,self,rear,14155,14182
414,438887472,mouse2,self,rear,14185,14186
415,438887472,mouse2,self,rear,14191,14192
416,438887472,mouse2,self,rear,14200,14203
417,438887472,mouse2,self,rear,14211,14214
418,438887472,mouse2,self,rear,14216,14253
419,438887472,mouse2,self,rear,14254,14323
420,438887472,mouse2,self,rear,14327,14328
421,438887472,mouse2,self,rear,14334,14335
422,438887472,mouse2,self,rear,14397,14403
423,438887472,mouse2,self,rear,14404,14406
424,438887472,mouse2,self,rear,14414,14416
425,438887472,mouse2,self,rear,14445,14446
426,438887472,mouse2,self,rear,14449,14451
427,438887472,mouse2,self,rear,14686,14687
428,438887472,mouse2,self,rear,14688,14704
429,438887472,mouse2,self,rear,14706,14728
430,438887472,mouse2,self,rear,14729,14732
431,438887472,mouse2,self,rear,14734,14741
432,438887472,mouse2,self,rear,14840,14842
433,438887472,mouse2,self,rear,14851,14852
434,438887472,mouse2,self,rear,14853,14855
435,438887472,mouse2,self,rear,14856,14858
436,438887472,mouse2,self,rear,14865,14866
437,438887472,mouse2,self,rear,14960,14963
438,438887472,mouse2,self,rear,14964,14966
439,438887472,mouse2,self,rear,14969,15054
440,438887472,mouse2,self,rear,15055,15057
441,438887472,mouse2,self,rear,15315,15316
442,438887472,mouse2,self,rear,15538,15559
443,438887472,mouse2,self,rear,15560,15562
444,438887472,mouse2,self,rear,15563,15568
445,438887472,mouse2,self,rear,15569,15572
446,438887472,mouse2,self,rear,15573,15592
447,438887472,mouse2,self,rear,15661,15662
448,438887472,mouse2,self,rear,15814,15901
449,438887472,mouse2,self,rear,15930,15931
450,438887472,mouse2,self,rear,15933,15948
451,438887472,mouse2,self,rear,15949,16057
452,438887472,mouse2,self,rear,16279,16300
453,438887472,mouse2,self,rear,16301,16448
454,438887472,mouse2,self,rear,16511,16513
455,438887472,mouse2,self,rear,16514,16520
456,438887472,mouse2,self,rear,16698,16699
457,438887472,mouse2,self,rear,16702,16735
458,438887472,mouse2,self,rear,16740,16785
459,438887472,mouse2,self,rear,16786,16791
460,438887472,mouse2,self,rear,16961,16986
461,438887472,mouse2,self,rear,16987,16988
462,438887472,mouse2,self,rear,17154,17156
463,438887472,mouse2,self,rear,17159,17160
464,438887472,mouse2,self,rear,17166,17167
465,438887472,mouse2,self,rear,17319,17321
466,438887472,mouse2,self,rear,17322,17325
467,438887472,mouse2,self,rear,17326,17327
468,438887472,mouse2,self,rear,17336,17337
469,438887472,mouse2,self,rear,17339,17345
470,438887472,mouse2,self,rear,17351,17353
471,438887472,mouse2,self,rear,17354,17355
472,438887472,mouse2,self,rear,17357,17367
473,438887472,mouse2,self,rear,17370,17373
474,438887472,mouse2,self,rear,17374,17376
475,438887472,mouse2,self,rear,17392,17396
476,438887472,mouse2,self,rear,17399,17401
477,438887472,mouse2,self,rear,17402,17405
478,438887472,mouse2,self,rear,17406,17408
479,438887472,mouse2,self,rear,17409,17413
480,438887472,mouse2,self,rear,17414,17415
481,438887472,mouse2,self,rear,17416,17425
482,438887472,mouse2,self,rear,17426,17442
483,438887472,mouse2,self,rear,17443,17449
484,438887472,mouse2,self,rear,17451,17452
485,438887472,mouse2,self,rear,17453,17454
486,438887472,mouse2,self,rear,17555,17559
487,438887472,mouse2,self,rear,17560,17574
488,438887472,mouse2,self,rear,17641,17642
489,438887472,mouse2,self,rear,17653,17662
490,438887472,mouse2,self,rear,17664,17665
491,438887472,mouse2,self,rear,17669,17670
492,438887472,mouse2,self,rear,17811,17860
493,438887472,mouse2,self,rear,17861,17870
494,438887472,mouse2,self,rear,17871,17896
495,438887472,mouse2,self,rear,17897,17898
496,438887472,mouse2,self,rear,17902,17903
497,438887472,mouse2,self,rear,17910,17913
498,438887472,mouse2,self,rear,17914,17916
499,438887472,mouse2,self,rear,17918,17919
500,438887472,mouse2,self,rear,18070,18071
501,438887472,mouse2,self,rear,18076,18078
502,438887472,mouse2,self,rear,18082,18085
503,438887472,mouse2,self,rear,18086,18088
504,438887472,mouse2,self,rear,18113,18114
505,438887472,mouse2,self,rear,18198,18199
506,438887472,mouse2,self,rear,18241,18243
507,438887472,mouse3,mouse1,avoid,267,317
508,438887472,mouse3,mouse1,avoid,2346,2347
509,438887472,mouse3,mouse1,avoid,2353,2354
510,438887472,mouse3,mouse1,avoid,2356,2357
511,438887472,mouse3,mouse1,approach,4152,4164
512,438887472,mouse3,mouse1,avoid,4191,4226
513,438887472,mouse3,mouse1,avoid,4237,4256
514,438887472,mouse3,mouse1,avoid,4257,4266
515,438887472,mouse3,mouse1,approach,5016,5020
516,438887472,mouse3,mouse1,approach,5021,5027
517,438887472,mouse3,mouse1,avoid,5071,5075
518,438887472,mouse3,mouse1,avoid,5076,5077
519,438887472,mouse3,mouse1,avoid,5079,5080
520,438887472,mouse3,mouse1,avoid,5081,5084
521,438887472,mouse3,mouse1,approach,6331,6333
522,438887472,mouse3,mouse1,avoid,6542,6543
523,438887472,mouse3,mouse1,avoid,6546,6565
524,438887472,mouse3,mouse1,avoid,6566,6569
525,438887472,mouse3,mouse1,avoid,6570,6586
526,438887472,mouse3,mouse1,avoid,6587,6593
527,438887472,mouse3,mouse1,avoid,6595,6596
528,438887472,mouse3,mouse1,approach,7093,7095
529,438887472,mouse3,mouse1,approach,7505,7530
530,438887472,mouse3,mouse1,approach,7531,7532
531,438887472,mouse3,mouse1,avoid,7598,7647
532,438887472,mouse3,mouse1,avoid,8506,8510
533,438887472,mouse3,mouse1,avoid,8512,8513
534,438887472,mouse3,mouse1,approach,9263,9264
535,438887472,mouse3,mouse1,avoid,11913,11914
536,438887472,mouse3,mouse1,avoid,13517,13528
537,438887472,mouse3,mouse1,avoid,13548,13549
538,438887472,mouse3,mouse2,approach,286,288
539,438887472,mouse3,mouse2,approach,614,615
540,438887472,mouse3,mouse2,approach,616,617
541,438887472,mouse3,mouse2,approach,619,621
542,438887472,mouse3,mouse2,approach,626,627
543,438887472,mouse3,mouse2,approach,632,663
544,438887472,mouse3,mouse2,chase,672,674
545,438887472,mouse3,mouse2,approach,674,675
546,438887472,mouse3,mouse2,chase,675,680
547,438887472,mouse3,mouse2,chase,707,708
548,438887472,mouse3,mouse2,avoid,806,814
549,438887472,mouse3,mouse2,approach,2543,2544
550,438887472,mouse3,mouse2,avoid,2662,2675
551,438887472,mouse3,mouse2,approach,3261,3263
552,438887472,mouse3,mouse2,approach,3266,3268
553,438887472,mouse3,mouse2,chase,3270,3337
554,438887472,mouse3,mouse2,chase,3338,3339
555,438887472,mouse3,mouse2,approach,3352,3364
556,438887472,mouse3,mouse2,avoid,3393,3396
557,438887472,mouse3,mouse2,avoid,4995,5038
558,438887472,mouse3,mouse2,avoid,6309,6312
559,438887472,mouse3,mouse2,approach,6659,6675
560,438887472,mouse3,mouse2,avoid,6777,6795
561,438887472,mouse3,mouse2,avoid,6809,6813
562,438887472,mouse3,mouse2,approach,7245,7261
563,438887472,mouse3,mouse2,avoid,7416,7419
564,438887472,mouse3,mouse2,avoid,7420,7421
565,438887472,mouse3,mouse2,avoid,7894,7896
566,438887472,mouse3,mouse2,avoid,7897,7904
567,438887472,mouse3,mouse2,avoid,7905,7906
568,438887472,mouse3,mouse2,avoid,7907,7910
569,438887472,mouse3,mouse2,avoid,7916,7917
570,438887472,mouse3,mouse2,avoid,7925,7935
571,438887472,mouse3,mouse2,avoid,7936,7937
572,438887472,mouse3,mouse2,approach,8476,8477
573,438887472,mouse3,mouse2,approach,8478,8479
574,438887472,mouse3,mouse2,approach,8480,8481
575,438887472,mouse3,mouse2,approach,8482,8491
576,438887472,mouse3,mouse2,chase,8498,8515
577,438887472,mouse3,mouse2,chase,8516,8517
578,438887472,mouse3,mouse2,chase,8522,8523
579,438887472,mouse3,mouse2,avoid,17176,17216
580,438887472,mouse3,mouse2,approach,17282,17283
581,438887472,mouse3,mouse2,approach,17287,17290
582,438887472,mouse3,mouse2,approach,17291,17292
583,438887472,mouse3,mouse2,approach,17293,17303
584,438887472,mouse3,mouse2,avoid,17426,17428
585,438887472,mouse3,mouse2,avoid,17444,17445
586,438887472,mouse3,mouse2,avoid,18314,18319
587,438887472,mouse3,mouse2,chase,18350,18351
588,438887472,mouse3,mouse2,chase,18352,18355
589,438887472,mouse3,mouse2,chase,18356,18394
590,438887472,mouse3,mouse4,avoid,268,321
591,438887472,mouse3,mouse4,avoid,322,323
592,438887472,mouse3,mouse4,approach,530,533
593,438887472,mouse3,mouse4,avoid,2311,2315
594,438887472,mouse3,mouse4,avoid,2321,2322
595,438887472,mouse3,mouse4,avoid,2323,2357
596,438887472,mouse3,mouse4,avoid,2368,2370
597,438887472,mouse3,mouse4,avoid,2384,2385
598,438887472,mouse3,mouse4,avoid,2387,2390
599,438887472,mouse3,mouse4,avoid,2392,2394
600,438887472,mouse3,mouse4,avoid,3256,3325
601,438887472,mouse3,mouse4,chase,4368,4369
602,438887472,mouse3,mouse4,avoid,5787,5790
603,438887472,mouse3,mouse4,avoid,5791,5794
604,438887472,mouse3,mouse4,avoid,5795,5797
605,438887472,mouse3,mouse4,avoid,5798,5800
606,438887472,mouse3,mouse4,avoid,5801,5813
607,438887472,mouse3,mouse4,avoid,5824,5838
608,438887472,mouse3,mouse4,approach,6295,6296
609,438887472,mouse3,mouse4,approach,6297,6298
610,438887472,mouse3,mouse4,approach,6299,6300
611,438887472,mouse3,mouse4,approach,6301,6304
612,438887472,mouse3,mouse4,approach,6308,6309
613,438887472,mouse3,mouse4,approach,7966,7967
614,438887472,mouse3,mouse4,approach,7970,7972
615,438887472,mouse3,mouse4,approach,7973,7974
616,438887472,mouse3,mouse4,approach,7976,7980
617,438887472,mouse3,mouse4,approach,7982,7989
618,438887472,mouse3,mouse4,avoid,8071,8102
619,438887472,mouse3,mouse4,avoid,8103,8107
620,438887472,mouse3,mouse4,approach,8403,8404
621,438887472,mouse3,mouse4,submit,8585,8586
622,438887472,mouse3,mouse4,submit,8644,8657
623,438887472,mouse3,mouse4,submit,8658,8659
624,438887472,mouse3,mouse4,submit,8661,8664
625,438887472,mouse3,mouse4,submit,8665,8667
626,438887472,mouse3,mouse4,avoid,8674,8675
627,438887472,mouse3,mouse4,submit,8758,8759
628,438887472,mouse3,mouse4,submit,8766,8767
629,438887472,mouse3,mouse4,submit,9060,9062
630,438887472,mouse3,mouse4,submit,9066,9069
631,438887472,mouse3,mouse4,submit,9076,9077
632,438887472,mouse3,mouse4,submit,9078,9079
633,438887472,mouse3,mouse4,approach,9517,9518
634,438887472,mouse3,mouse4,approach,9520,9521
635,438887472,mouse3,mouse4,approach,9522,9524
636,438887472,mouse3,mouse4,approach,9526,9528
637,438887472,mouse3,mouse4,approach,9529,9531
638,438887472,mouse3,mouse4,approach,9532,9557
639,438887472,mouse3,mouse4,approach,9869,9870
640,438887472,mouse3,mouse4,approach,9871,9872
641,438887472,mouse3,mouse4,approach,9874,9891
642,438887472,mouse3,mouse4,approach,10972,10979
643,438887472,mouse3,mouse4,approach,10981,10986
644,438887472,mouse3,mouse4,avoid,11051,11072
645,438887472,mouse3,mouse4,approach,11292,11293
646,438887472,mouse3,mouse4,approach,11294,11295
647,438887472,mouse3,mouse4,approach,11299,11300
648,438887472,mouse3,mouse4,approach,11302,11306
649,438887472,mouse3,mouse4,approach,12053,12054
650,438887472,mouse3,mouse4,avoid,12725,12726
651,438887472,mouse3,mouse4,approach,13757,13758
652,438887472,mouse3,mouse4,approach,13759,13760
653,438887472,mouse3,mouse4,approach,13763,13766
654,438887472,mouse3,mouse4,approach,13768,13772
655,438887472,mouse3,mouse4,avoid,13795,13811
656,438887472,mouse3,mouse4,approach,14139,14144
657,438887472,mouse3,mouse4,avoid,14178,14179
658,438887472,mouse3,mouse4,approach,15065,15068
659,438887472,mouse3,mouse4,approach,15070,15072
660,438887472,mouse3,mouse4,approach,15074,15076
661,438887472,mouse3,mouse4,avoid,15098,15123
662,438887472,mouse3,mouse4,submit,15324,15327
663,438887472,mouse3,mouse4,submit,15328,15338
664,438887472,mouse3,mouse4,attack,15340,15349
665,438887472,mouse3,mouse4,attack,15350,15353
666,438887472,mouse3,mouse4,attack,15354,15355
667,438887472,mouse3,mouse4,attack,15356,15362
668,438887472,mouse3,mouse4,attack,15374,15375
669,438887472,mouse3,mouse4,attack,15376,15377
670,438887472,mouse3,mouse4,attack,15378,15379
671,438887472,mouse3,mouse4,attack,15382,15385
672,438887472,mouse3,mouse4,attack,15386,15387
673,438887472,mouse3,mouse4,attack,15391,15392
674,438887472,mouse3,mouse4,attack,15393,15396
675,438887472,mouse3,mouse4,attack,15407,15410
676,438887472,mouse3,mouse4,attack,15419,15420
677,438887472,mouse3,mouse4,attack,15424,15425
678,438887472,mouse3,mouse4,avoid,15731,15742
679,438887472,mouse3,mouse4,approach,17367,17382
680,438887472,mouse3,mouse4,approach,17383,17384
681,438887472,mouse3,mouse4,submit,17400,17401
682,438887472,mouse3,mouse4,submit,17449,17451
683,438887472,mouse3,mouse4,submit,17465,17466
684,438887472,mouse3,mouse4,submit,17481,17487
685,438887472,mouse3,mouse4,approach,17727,17729
686,438887472,mouse3,mouse4,approach,17730,17733
687,438887472,mouse3,mouse4,approach,17734,17738
688,438887472,mouse3,mouse4,approach,17739,17760
689,438887472,mouse3,mouse4,submit,17854,17856
690,438887472,mouse3,mouse4,submit,17857,17859
691,438887472,mouse3,mouse4,submit,17860,17863
692,438887472,mouse3,mouse4,submit,17866,17868
693,438887472,mouse3,mouse4,submit,17877,17878
694,438887472,mouse3,mouse4,avoid,17884,17885
695,438887472,mouse3,mouse4,avoid,17886,17887
696,438887472,mouse3,mouse4,avoid,17889,17892
697,438887472,mouse3,self,rear,23,63
698,438887472,mouse3,self,rear,348,349
699,438887472,mouse3,self,rear,350,355
700,438887472,mouse3,self,rear,357,362
701,438887472,mouse3,self,rear,369,370
702,438887472,mouse3,self,rear,854,898
703,438887472,mouse3,self,rear,901,902
704,438887472,mouse3,self,rear,921,926
705,438887472,mouse3,self,rear,929,930
706,438887472,mouse3,self,rear,933,937
707,438887472,mouse3,self,rear,938,940
708,438887472,mouse3,self,rear,942,959
709,438887472,mouse3,self,rear,960,965
710,438887472,mouse3,self,rear,1058,1088
711,438887472,mouse3,self,rear,1160,1174
712,438887472,mouse3,self,rear,1225,1227
713,438887472,mouse3,self,rear,1228,1229
714,438887472,mouse3,self,rear,1232,1233
715,438887472,mouse3,self,rear,1234,1236
716,438887472,mouse3,self,rear,1237,1240
717,438887472,mouse3,self,rear,1241,1245
718,438887472,mouse3,self,rear,1247,1248
719,438887472,mouse3,self,rear,1652,1653
720,438887472,mouse3,self,rear,1655,1664
721,438887472,mouse3,self,rear,1668,1669
722,438887472,mouse3,self,rear,1674,1709
723,438887472,mouse3,self,rear,1710,1713
724,438887472,mouse3,self,rear,1714,1715
725,438887472,mouse3,self,rear,1722,1735
726,438887472,mouse3,self,rear,1742,1744
727,438887472,mouse3,self,rear,1748,1749
728,438887472,mouse3,self,rear,1758,1763
729,438887472,mouse3,self,rear,1764,1800
730,438887472,mouse3,self,rear,1802,1803
731,438887472,mouse3,self,rear,1849,1866
732,438887472,mouse3,self,rear,2114,2115
733,438887472,mouse3,self,rear,2116,2117
734,438887472,mouse3,self,rear,2118,2169
735,438887472,mouse3,self,rear,2262,2284
736,438887472,mouse3,self,rear,2667,2668
737,438887472,mouse3,self,rear,2980,2981
738,438887472,mouse3,self,rear,3237,3239
739,438887472,mouse3,self,rear,3413,3414
740,438887472,mouse3,self,rear,3419,3420
741,438887472,mouse3,self,rear,3421,3425
742,438887472,mouse3,self,rear,3428,3433
743,438887472,mouse3,self,rear,3449,3450
744,438887472,mouse3,self,rear,3452,3453
745,438887472,mouse3,self,rear,3461,3462
746,438887472,mouse3,self,rear,3463,3469
747,438887472,mouse3,self,rear,3476,3485
748,438887472,mouse3,self,rear,3558,3562
749,438887472,mouse3,self,rear,3577,3585
750,438887472,mouse3,self,rear,3592,3610
751,438887472,mouse3,self,rear,3612,3617
752,438887472,mouse3,self,rear,3619,3629
753,438887472,mouse3,self,rear,3631,3635
754,438887472,mouse3,self,rear,3643,3644
755,438887472,mouse3,self,rear,3645,3672
756,438887472,mouse3,self,rear,3674,3677
757,438887472,mouse3,self,rear,3679,3680
758,438887472,mouse3,self,rear,3681,3683
759,438887472,mouse3,self,rear,3685,3687
760,438887472,mouse3,self,rear,3688,3710
761,438887472,mouse3,self,rear,3711,3719
762,438887472,mouse3,self,rear,3844,3845
763,438887472,mouse3,self,rear,3848,3849
764,438887472,mouse3,self,rear,3863,3867
765,438887472,mouse3,self,rear,3871,3872
766,438887472,mouse3,self,rear,3873,3874
767,438887472,mouse3,self,rear,3977,3985
768,438887472,mouse3,self,rear,3988,4001
769,438887472,mouse3,self,rear,4009,4010
770,438887472,mouse3,self,rear,4013,4014
771,438887472,mouse3,self,rear,4016,4017
772,438887472,mouse3,self,rear,4730,4731
773,438887472,mouse3,self,rear,4733,4734
774,438887472,mouse3,self,rear,4847,4855
775,438887472,mouse3,self,rear,4857,4858
776,438887472,mouse3,self,rear,5582,5583
777,438887472,mouse3,self,rear,5591,5593
778,438887472,mouse3,self,rear,5596,5597
779,438887472,mouse3,self,rear,5601,5603
780,438887472,mouse3,self,rear,6400,6401
781,438887472,mouse3,self,rear,6410,6411
782,438887472,mouse3,self,rear,6916,6917
783,438887472,mouse3,self,rear,6920,6921
784,438887472,mouse3,self,rear,6922,7037
785,438887472,mouse3,self,rear,8178,8179
786,438887472,mouse3,self,rear,8181,8182
787,438887472,mouse3,self,rear,8192,8196
788,438887472,mouse3,self,rear,8197,8202
789,438887472,mouse3,self,rear,8209,8222
790,438887472,mouse3,self,rear,8223,8227
791,438887472,mouse3,self,rear,8230,8233
792,438887472,mouse3,self,rear,8235,8237
793,438887472,mouse3,self,rear,8238,8270
794,438887472,mouse3,self,rear,8271,8274
795,438887472,mouse3,self,rear,8282,8288
796,438887472,mouse3,self,rear,8294,8296
797,438887472,mouse3,self,rear,8303,8304
798,438887472,mouse3,self,rear,8306,8307
799,438887472,mouse3,self,rear,8321,8325
800,438887472,mouse3,self,rear,8621,8622
801,438887472,mouse3,self,rear,8633,8634
802,438887472,mouse3,self,rear,8635,8637
803,438887472,mouse3,self,rear,8639,8641
804,438887472,mouse3,self,rear,8642,8650
805,438887472,mouse3,self,rear,8652,8657
806,438887472,mouse3,self,rear,8925,8927
807,438887472,mouse3,self,rear,8998,9008
808,438887472,mouse3,self,rear,9009,9031
809,438887472,mouse3,self,rear,9032,9056
810,438887472,mouse3,self,rear,9057,9058
811,438887472,mouse3,self,rear,9059,9060
812,438887472,mouse3,self,rear,9061,9064
813,438887472,mouse3,self,rear,9065,9086
814,438887472,mouse3,self,rear,9090,9091
815,438887472,mouse3,self,rear,9094,9095
816,438887472,mouse3,self,rear,9104,9105
817,438887472,mouse3,self,rear,9337,9345
818,438887472,mouse3,self,rear,9346,9350
819,438887472,mouse3,self,rear,9447,9479
820,438887472,mouse3,self,rear,11237,11238
821,438887472,mouse3,self,rear,11405,11406
822,438887472,mouse3,self,rear,11407,11408
823,438887472,mouse3,self,rear,11413,11428
824,438887472,mouse3,self,rear,11429,11430
825,438887472,mouse3,self,rear,11431,11432
826,438887472,mouse3,self,rear,11433,11454
827,438887472,mouse3,self,rear,11455,11487
828,438887472,mouse3,self,rear,11488,11496
829,438887472,mouse3,self,rear,11497,11502
830,438887472,mouse3,self,rear,12068,12072
831,438887472,mouse3,self,rear,12073,12075
832,438887472,mouse3,self,rear,12077,12078
833,438887472,mouse3,self,rear,13353,13354
834,438887472,mouse3,self,rear,13608,13609
835,438887472,mouse3,self,rear,14188,14194
836,438887472,mouse3,self,rear,14498,14516
837,438887472,mouse3,self,rear,14517,14519
838,438887472,mouse3,self,rear,14530,14570
839,438887472,mouse3,self,rear,14769,14990
840,438887472,mouse3,self,rear,14998,15000
841,438887472,mouse3,self,rear,15003,15004
842,438887472,mouse3,self,rear,15008,15009
843,438887472,mouse3,self,rear,15304,15305
844,438887472,mouse3,self,rear,15306,15310
845,438887472,mouse3,self,rear,15311,15312
846,438887472,mouse3,self,rear,15314,15315
847,438887472,mouse3,self,rear,15316,15323
848,438887472,mouse3,self,rear,15324,15326
849,438887472,mouse3,self,rear,15336,15338
850,438887472,mouse3,self,rear,15382,15383
851,438887472,mouse3,self,rear,15386,15388
852,438887472,mouse3,self,rear,15391,15393
853,438887472,mouse3,self,rear,15405,15408
854,438887472,mouse3,self,rear,15526,15528
855,438887472,mouse3,self,rear,15532,15533
856,438887472,mouse3,self,rear,15535,15537
857,438887472,mouse3,self,rear,15540,15542
858,438887472,mouse3,self,rear,15790,15791
859,438887472,mouse3,self,rear,15792,15793
860,438887472,mouse3,self,rear,15795,15798
861,438887472,mouse3,self,rear,15804,15805
862,438887472,mouse3,self,rear,15811,15812
863,438887472,mouse3,self,rear,17843,17846
864,438887472,mouse3,self,rear,17847,17848
865,438887472,mouse3,self,rear,17849,17853
866,438887472,mouse3,self,rear,17859,17860
867,438887472,mouse3,self,rear,17861,17862
868,438887472,mouse3,self,rear,17863,17865
869,438887472,mouse3,self,rear,17868,17869
870,438887472,mouse3,self,rear,17870,17871
871,438887472,mouse3,self,rear,17872,17879
872,438887472,mouse3,self,rear,17882,17883
873,438887472,mouse3,self,rear,18160,18162
874,438887472,mouse4,mouse1,approach,235,236
875,438887472,mouse4,mouse1,avoid,470,477
876,438887472,mouse4,mouse1,avoid,480,484
877,438887472,mouse4,mouse1,avoid,486,513
878,438887472,mouse4,mouse1,approach,1179,1205
879,438887472,mouse4,mouse1,attack,1267,1268
880,438887472,mouse4,mouse1,attack,1286,1297
881,438887472,mouse4,mouse1,attack,1298,1318
882,438887472,mouse4,mouse1,chase,1318,1319
883,438887472,mouse4,mouse1,attack,1319,1335
884,438887472,mouse4,mouse1,chase,1335,1336
885,438887472,mouse4,mouse1,attack,1336,1337
886,438887472,mouse4,mouse1,chase,1337,1341
887,438887472,mouse4,mouse1,attack,1341,1342
888,438887472,mouse4,mouse1,chase,1342,1371
889,438887472,mouse4,mouse1,attack,1371,1374
890,438887472,mouse4,mouse1,chase,1374,1375
891,438887472,mouse4,mouse1,attack,1375,1379
892,438887472,mouse4,mouse1,chase,1379,1388
893,438887472,mouse4,mouse1,attack,1388,1389
894,438887472,mouse4,mouse1,chase,1389,1392
895,438887472,mouse4,mouse1,attack,1392,1393
896,438887472,mouse4,mouse1,chase,1393,1394
897,438887472,mouse4,mouse1,attack,1394,1396
898,438887472,mouse4,mouse1,chase,1396,1397
899,438887472,mouse4,mouse1,attack,1397,1535
900,438887472,mouse4,mouse1,submit,1535,1536
901,438887472,mouse4,mouse1,attack,2185,2186
902,438887472,mouse4,mouse1,attack,2188,2194
903,438887472,mouse4,mouse1,chase,2230,2280
904,438887472,mouse4,mouse1,chase,2281,2282
905,438887472,mouse4,mouse1,chase,2289,2290
906,438887472,mouse4,mouse1,attack,2306,2312
907,438887472,mouse4,mouse1,attack,2357,2359
908,438887472,mouse4,mouse1,attack,2360,2366
909,438887472,mouse4,mouse1,attack,2368,2376
910,438887472,mouse4,mouse1,attack,2379,2392
911,438887472,mouse4,mouse1,attack,2393,2394
912,438887472,mouse4,mouse1,attack,2396,2406
913,438887472,mouse4,mouse1,attack,2412,2413
914,438887472,mouse4,mouse1,attack,2414,2416
915,438887472,mouse4,mouse1,submit,2417,2418
916,438887472,mouse4,mouse1,attack,2418,2420
917,438887472,mouse4,mouse1,chase,2527,2541
918,438887472,mouse4,mouse1,attack,2542,2562
919,438887472,mouse4,mouse1,chase,2562,2569
920,438887472,mouse4,mouse1,approach,3129,3130
921,438887472,mouse4,mouse1,approach,3132,3145
922,438887472,mouse4,mouse1,approach,4191,4223
923,438887472,mouse4,mouse1,avoid,4358,4379
924,438887472,mouse4,mouse1,avoid,4380,4381
925,438887472,mouse4,mouse1,avoid,4384,4385
926,438887472,mouse4,mouse1,avoid,6376,6378
927,438887472,mouse4,mouse1,avoid,6381,6400
928,438887472,mouse4,mouse1,approach,8487,8488
929,438887472,mouse4,mouse1,avoid,8506,8507
930,438887472,mouse4,mouse1,avoid,8514,8534
931,438887472,mouse4,mouse1,approach,8874,8879
932,438887472,mouse4,mouse1,approach,8880,8886
933,438887472,mouse4,mouse1,avoid,8919,8920
934,438887472,mouse4,mouse1,approach,9199,9220
935,438887472,mouse4,mouse1,avoid,9409,9415
936,438887472,mouse4,mouse1,avoid,9419,9422
937,438887472,mouse4,mouse1,avoid,9425,9430
938,438887472,mouse4,mouse1,approach,10177,10188
939,438887472,mouse4,mouse1,avoid,10218,10225
940,438887472,mouse4,mouse1,avoid,10226,10229
941,438887472,mouse4,mouse1,avoid,10232,10233
942,438887472,mouse4,mouse1,approach,11239,11240
943,438887472,mouse4,mouse1,approach,11241,11253
944,438887472,mouse4,mouse1,avoid,11278,11305
945,438887472,mouse4,mouse1,approach,11438,11451
946,438887472,mouse4,mouse1,approach,11453,11454
947,438887472,mouse4,mouse1,avoid,11545,11546
948,438887472,mouse4,mouse1,avoid,11881,11882
949,438887472,mouse4,mouse1,avoid,11885,11886
950,438887472,mouse4,mouse1,avoid,11888,11889
951,438887472,mouse4,mouse1,approach,12036,12039
952,438887472,mouse4,mouse1,avoid,12057,12060
953,438887472,mouse4,mouse1,avoid,12061,12072
954,438887472,mouse4,mouse1,avoid,12073,12087
955,438887472,mouse4,mouse1,approach,12972,12985
956,438887472,mouse4,mouse1,avoid,13044,13089
957,438887472,mouse4,mouse1,approach,14619,14623
958,438887472,mouse4,mouse1,approach,14625,14626
959,438887472,mouse4,mouse1,approach,16505,16508
960,438887472,mouse4,mouse1,approach,16509,16524
961,438887472,mouse4,mouse1,avoid,16550,16580
962,438887472,mouse4,mouse1,avoid,16581,16585
963,438887472,mouse4,mouse1,avoid,16586,16587
964,438887472,mouse4,mouse1,avoid,16588,16589
965,438887472,mouse4,mouse1,approach,17990,18011
966,438887472,mouse4,mouse1,avoid,18035,18077
967,438887472,mouse4,mouse1,approach,18170,18171
968,438887472,mouse4,mouse1,approach,18172,18178
969,438887472,mouse4,mouse1,avoid,18294,18325
970,438887472,mouse4,mouse2,approach,77,84
971,438887472,mouse4,mouse2,approach,85,98
972,438887472,mouse4,mouse2,approach,99,100
973,438887472,mouse4,mouse2,chase,100,108
974,438887472,mouse4,mouse2,avoid,137,139
975,438887472,mouse4,mouse2,chase,678,713
976,438887472,mouse4,mouse2,chase,716,717
977,438887472,mouse4,mouse2,approach,1104,1105
978,438887472,mouse4,mouse2,approach,1107,1113
979,438887472,mouse4,mouse2,approach,1116,1117
980,438887472,mouse4,mouse2,chase,1959,2017
981,438887472,mouse4,mouse2,approach,2617,2618
982,438887472,mouse4,mouse2,approach,2619,2624
983,438887472,mouse4,mouse2,approach,2625,2626
984,438887472,mouse4,mouse2,approach,2876,2881
985,438887472,mouse4,mouse2,approach,2882,2895
986,438887472,mouse4,mouse2,approach,3086,3093
987,438887472,mouse4,mouse2,approach,3096,3097
988,438887472,mouse4,mouse2,chaseattack,3099,3102
989,438887472,mouse4,mouse2,chase,3102,3188
990,438887472,mouse4,mouse2,chase,3214,3217
991,438887472,mouse4,mouse2,chase,3903,3910
992,438887472,mouse4,mouse2,chase,3911,3912
993,438887472,mouse4,mouse2,approach,4084,4085
994,438887472,mouse4,mouse2,approach,4088,4114
995,438887472,mouse4,mouse2,avoid,4124,4125
996,438887472,mouse4,mouse2,avoid,4127,4159
997,438887472,mouse4,mouse2,approach,4368,4388
998,438887472,mouse4,mouse2,avoid,4453,4457
999,438887472,mouse4,mouse2,approach,4955,4957
1000,438887472,mouse4,mouse2,approach,4958,4973
1001,438887472,mouse4,mouse2,approach,4976,4979
1002,438887472,mouse4,mouse2,approach,4980,4981
1003,438887472,mouse4,mouse2,chase,5427,5475
1004,438887472,mouse4,mouse2,chase,5476,5477
1005,438887472,mouse4,mouse2,attack,5495,5522
1006,438887472,mouse4,mouse2,attack,5523,5524
1007,438887472,mouse4,mouse2,submit,5524,5525
1008,438887472,mouse4,mouse2,submit,5529,5538
1009,438887472,mouse4,mouse2,approach,7094,7096
1010,438887472,mouse4,mouse2,approach,7103,7104
1011,438887472,mouse4,mouse2,approach,7111,7112
1012,438887472,mouse4,mouse2,approach,7113,7114
1013,438887472,mouse4,mouse2,approach,7116,7136
1014,438887472,mouse4,mouse2,avoid,7169,7170
1015,438887472,mouse4,mouse2,avoid,7175,7176
1016,438887472,mouse4,mouse2,avoid,8228,8229
1017,438887472,mouse4,mouse2,approach,8803,8805
1018,438887472,mouse4,mouse2,approach,8807,8808
1019,438887472,mouse4,mouse2,approach,8810,8814
1020,438887472,mouse4,mouse2,approach,8815,8818
1021,438887472,mouse4,mouse2,approach,8819,8832
1022,438887472,mouse4,mouse2,approach,9415,9418
1023,438887472,mouse4,mouse2,approach,9419,9430
1024,438887472,mouse4,mouse2,approach,9434,9437
1025,438887472,mouse4,mouse2,approach,10050,10090
1026,438887472,mouse4,mouse2,approach,10285,10286
1027,438887472,mouse4,mouse2,approach,10288,10300
1028,438887472,mouse4,mouse2,approach,10301,10304
1029,438887472,mouse4,mouse2,avoid,10329,10330
1030,438887472,mouse4,mouse2,avoid,10352,10357
1031,438887472,mouse4,mouse2,approach,10503,10539
1032,438887472,mouse4,mouse2,chase,10572,10573
1033,438887472,mouse4,mouse2,chase,10576,10615
1034,438887472,mouse4,mouse2,chase,10616,10617
1035,438887472,mouse4,mouse2,avoid,11334,11335
1036,438887472,mouse4,mouse2,avoid,11339,11341
1037,438887472,mouse4,mouse2,avoid,11344,11345
1038,438887472,mouse4,mouse2,chase,11861,11909
1039,438887472,mouse4,mouse2,chase,11910,11911
1040,438887472,mouse4,mouse2,approach,11917,11918
1041,438887472,mouse4,mouse2,approach,11919,11942
1042,438887472,mouse4,mouse2,chase,11951,12029
1043,438887472,mouse4,mouse2,approach,12783,12788
1044,438887472,mouse4,mouse2,avoid,13805,13806
1045,438887472,mouse4,mouse2,avoid,13807,13808
1046,438887472,mouse4,mouse2,avoid,13809,13810
1047,438887472,mouse4,mouse2,avoid,13814,13818
1048,438887472,mouse4,mouse2,avoid,13819,13822
1049,438887472,mouse4,mouse2,approach,14599,14602
1050,438887472,mouse4,mouse2,approach,14606,14607
1051,438887472,mouse4,mouse2,approach,14613,14614
1052,438887472,mouse4,mouse2,avoid,14678,14679
1053,438887472,mouse4,mouse2,chase,16864,16876
1054,438887472,mouse4,mouse2,chase,16881,16883
1055,438887472,mouse4,mouse2,chase,16884,16885
1056,438887472,mouse4,mouse2,chase,16917,16918
1057,438887472,mouse4,mouse2,chase,16919,16922
1058,438887472,mouse4,mouse2,chase,16925,16927
1059,438887472,mouse4,mouse2,chase,17059,17061
1060,438887472,mouse4,mouse2,approach,17627,17649
1061,438887472,mouse4,mouse2,approach,17650,17652
1062,438887472,mouse4,mouse2,approach,17655,17659
1063,438887472,mouse4,mouse2,attack,17670,17671
1064,438887472,mouse4,mouse2,approach,17907,17908
1065,438887472,mouse4,mouse2,approach,17912,17927
1066,438887472,mouse4,mouse2,chase,17952,17957
1067,438887472,mouse4,mouse2,approach,18052,18053
1068,438887472,mouse4,mouse2,approach,18054,18088
1069,438887472,mouse4,mouse2,avoid,18117,18118
1070,438887472,mouse4,mouse2,avoid,18119,18164
1071,438887472,mouse4,mouse2,avoid,18166,18167
1072,438887472,mouse4,mouse3,approach,214,215
1073,438887472,mouse4,mouse3,approach,217,240
1074,438887472,mouse4,mouse3,avoid,270,272
1075,438887472,mouse4,mouse3,approach,522,523
1076,438887472,mouse4,mouse3,approach,524,544
1077,438887472,mouse4,mouse3,approach,546,547
1078,438887472,mouse4,mouse3,approach,548,552
1079,438887472,mouse4,mouse3,avoid,592,593
1080,438887472,mouse4,mouse3,avoid,596,598
1081,438887472,mouse4,mouse3,avoid,604,608
1082,438887472,mouse4,mouse3,avoid,610,614
1083,438887472,mouse4,mouse3,approach,653,678
1084,438887472,mouse4,mouse3,chase,765,826
1085,438887472,mouse4,mouse3,approach,2267,2286
1086,438887472,mouse4,mouse3,avoid,2313,2314
1087,438887472,mouse4,mouse3,avoid,2327,2331
1088,438887472,mouse4,mouse3,avoid,2332,2334
1089,438887472,mouse4,mouse3,approach,2653,2654
1090,438887472,mouse4,mouse3,approach,2660,2661
1091,438887472,mouse4,mouse3,approach,2680,2681
1092,438887472,mouse4,mouse3,avoid,2794,2826
1093,438887472,mouse4,mouse3,approach,3203,3204
1094,438887472,mouse4,mouse3,approach,3205,3239
1095,438887472,mouse4,mouse3,approach,4192,4193
1096,438887472,mouse4,mouse3,approach,4199,4200
1097,438887472,mouse4,mouse3,approach,4201,4203
1098,438887472,mouse4,mouse3,approach,4647,4660
1099,438887472,mouse4,mouse3,chase,4660,4663
1100,438887472,mouse4,mouse3,chase,4665,4666
1101,438887472,mouse4,mouse3,avoid,4687,4691
1102,438887472,mouse4,mouse3,approach,5712,5715
1103,438887472,mouse4,mouse3,approach,5717,5726
1104,438887472,mouse4,mouse3,approach,8405,8408
1105,438887472,mouse4,mouse3,approach,8409,8410
1106,438887472,mouse4,mouse3,chase,8430,8512
1107,438887472,mouse4,mouse3,attack,8512,8541
1108,438887472,mouse4,mouse3,attack,8542,8546
1109,438887472,mouse4,mouse3,attack,8548,8549
1110,438887472,mouse4,mouse3,attack,8571,8572
1111,438887472,mouse4,mouse3,attack,8574,8575
1112,438887472,mouse4,mouse3,attack,8576,8577
1113,438887472,mouse4,mouse3,attack,8579,8580
1114,438887472,mouse4,mouse3,attack,8644,8672
1115,438887472,mouse4,mouse3,chase,8708,8717
1116,438887472,mouse4,mouse3,approach,8717,8724
1117,438887472,mouse4,mouse3,chase,8727,8728
1118,438887472,mouse4,mouse3,approach,8728,8732
1119,438887472,mouse4,mouse3,approach,8782,8789
1120,438887472,mouse4,mouse3,approach,8919,8934
1121,438887472,mouse4,mouse3,submit,9095,9096
1122,438887472,mouse4,mouse3,avoid,9462,9474
1123,438887472,mouse4,mouse3,approach,10222,10240
1124,438887472,mouse4,mouse3,approach,10241,10249
1125,438887472,mouse4,mouse3,avoid,10274,10275
1126,438887472,mouse4,mouse3,avoid,10276,10277
1127,438887472,mouse4,mouse3,avoid,10282,10283
1128,438887472,mouse4,mouse3,avoid,10290,10291
1129,438887472,mouse4,mouse3,avoid,10292,10295
1130,438887472,mouse4,mouse3,avoid,10323,10325
1131,438887472,mouse4,mouse3,avoid,10326,10329
1132,438887472,mouse4,mouse3,avoid,10336,10337
1133,438887472,mouse4,mouse3,avoid,10340,10341
1134,438887472,mouse4,mouse3,avoid,10342,10348
1135,438887472,mouse4,mouse3,avoid,10351,10352
1136,438887472,mouse4,mouse3,approach,10983,10995
1137,438887472,mouse4,mouse3,approach,11290,11293
1138,438887472,mouse4,mouse3,approach,11294,11295
1139,438887472,mouse4,mouse3,approach,11298,11308
1140,438887472,mouse4,mouse3,approach,11309,11315
1141,438887472,mouse4,mouse3,chase,11318,11365
1142,438887472,mouse4,mouse3,approach,12050,12056
1143,438887472,mouse4,mouse3,approach,12607,12611
1144,438887472,mouse4,mouse3,approach,13136,13138
1145,438887472,mouse4,mouse3,approach,13139,13151
1146,438887472,mouse4,mouse3,approach,13152,13153
1147,438887472,mouse4,mouse3,approach,13154,13155
1148,438887472,mouse4,mouse3,approach,13760,13761
1149,438887472,mouse4,mouse3,approach,13762,13786
1150,438887472,mouse4,mouse3,avoid,15129,15134
1151,438887472,mouse4,mouse3,attack,15315,15318
1152,438887472,mouse4,mouse3,attack,15323,15327
1153,438887472,mouse4,mouse3,attack,15328,15329
1154,438887472,mouse4,mouse3,attack,15332,15340
1155,438887472,mouse4,mouse3,submit,15340,15341
1156,438887472,mouse4,mouse3,attack,15341,15342
1157,438887472,mouse4,mouse3,attack,15343,15345
1158,438887472,mouse4,mouse3,submit,15345,15349
1159,438887472,mouse4,mouse3,attack,15349,15353
1160,438887472,mouse4,mouse3,submit,15353,15362
1161,438887472,mouse4,mouse3,submit,15363,15380
1162,438887472,mouse4,mouse3,submit,15381,15388
1163,438887472,mouse4,mouse3,submit,15391,15392
1164,438887472,mouse4,mouse3,submit,15393,15396
1165,438887472,mouse4,mouse3,submit,15407,15408
1166,438887472,mouse4,mouse3,submit,15414,15415
1167,438887472,mouse4,mouse3,approach,15508,15531
1168,438887472,mouse4,mouse3,avoid,15731,15732
1169,438887472,mouse4,mouse3,avoid,15737,15793
1170,438887472,mouse4,mouse3,avoid,15797,15798
1171,438887472,mouse4,mouse3,chase,16265,16266
1172,438887472,mouse4,mouse3,chase,17403,17405
1173,438887472,mouse4,mouse3,attack,17405,17406
1174,438887472,mouse4,mouse3,chase,17406,17415
1175,438887472,mouse4,mouse3,attack,17415,17417
1176,438887472,mouse4,mouse3,chase,17417,17418
1177,438887472,mouse4,mouse3,attack,17418,17443
1178,438887472,mouse4,mouse3,chase,17443,17449
1179,438887472,mouse4,mouse3,attack,17449,17452
1180,438887472,mouse4,mouse3,chase,17452,17463
1181,438887472,mouse4,mouse3,attack,17465,17466
1182,438887472,mouse4,mouse3,attack,17481,17486
1183,438887472,mouse4,mouse3,avoid,17514,17516
1184,438887472,mouse4,mouse3,approach,17612,17613
1185,438887472,mouse4,mouse3,approach,17618,17619
1186,438887472,mouse4,mouse3,attack,17878,17879
1187,438887472,mouse4,mouse3,avoid,17885,17886
1188,438887472,mouse4,mouse3,avoid,17887,17932
1189,438887472,mouse4,mouse3,approach,18070,18084
1190,438887472,mouse4,mouse3,avoid,18142,18143
1191,438887472,mouse4,mouse3,avoid,18147,18148
1192,438887472,mouse4,mouse3,avoid,18152,18155
1193,438887472,mouse4,mouse3,avoid,18157,18158
1194,438887472,mouse4,mouse3,avoid,18160,18161
1195,438887472,mouse4,mouse3,avoid,18191,18192
1196,438887472,mouse4,self,rear,159,184
1197,438887472,mouse4,self,rear,272,273
1198,438887472,mouse4,self,rear,274,291
1199,438887472,mouse4,self,rear,292,293
1200,438887472,mouse4,self,rear,317,318
1201,438887472,mouse4,self,rear,328,330
1202,438887472,mouse4,self,rear,332,337
1203,438887472,mouse4,self,rear,338,356
1204,438887472,mouse4,self,rear,357,365
1205,438887472,mouse4,self,rear,370,372
1206,438887472,mouse4,self,rear,373,377
1207,438887472,mouse4,self,rear,378,391
1208,438887472,mouse4,self,rear,392,393
1209,438887472,mouse4,self,rear,397,399
1210,438887472,mouse4,self,rear,405,407
1211,438887472,mouse4,self,rear,580,582
1212,438887472,mouse4,self,rear,587,588
1213,438887472,mouse4,self,rear,595,596
1214,438887472,mouse4,self,rear,960,962
1215,438887472,mouse4,self,rear,963,964
1216,438887472,mouse4,self,rear,967,968
1217,438887472,mouse4,self,rear,971,975
1218,438887472,mouse4,self,rear,1062,1064
1219,438887472,mouse4,self,rear,1248,1250
1220,438887472,mouse4,self,rear,1251,1252
1221,438887472,mouse4,self,rear,1254,1256
1222,438887472,mouse4,self,rear,1257,1258
1223,438887472,mouse4,self,rear,1259,1262
1224,438887472,mouse4,self,rear,1263,1269
1225,438887472,mouse4,self,rear,1271,1272
1226,438887472,mouse4,self,rear,1278,1281
1227,438887472,mouse4,self,rear,1283,1284
1228,438887472,mouse4,self,rear,1285,1293
1229,438887472,mouse4,self,rear,1296,1297
1230,438887472,mouse4,self,rear,1298,1301
1231,438887472,mouse4,self,rear,1302,1303
1232,438887472,mouse4,self,rear,1304,1305
1233,438887472,mouse4,self,rear,1306,1308
1234,438887472,mouse4,self,rear,1311,1316
1235,438887472,mouse4,self,rear,1347,1349
1236,438887472,mouse4,self,rear,1350,1352
1237,438887472,mouse4,self,rear,1850,1941
1238,438887472,mouse4,self,rear,2340,2347
1239,438887472,mouse4,self,rear,2354,2355
1240,438887472,mouse4,self,rear,2356,2357
1241,438887472,mouse4,self,rear,2364,2366
1242,438887472,mouse4,self,rear,2371,2372
1243,438887472,mouse4,self,rear,2392,2393
1244,438887472,mouse4,self,rear,2405,2406
1245,438887472,mouse4,self,rear,2407,2411
1246,438887472,mouse4,self,rear,2413,2415
1247,438887472,mouse4,self,rear,2420,2425
1248,438887472,mouse4,self,rear,2426,2428
1249,438887472,mouse4,self,rear,2429,2430
1250,438887472,mouse4,self,rear,2445,2446
1251,438887472,mouse4,self,rear,2452,2454
1252,438887472,mouse4,self,rear,2455,2486
1253,438887472,mouse4,self,rear,2487,2488
1254,438887472,mouse4,self,rear,2489,2490
1255,438887472,mouse4,self,rear,2492,2500
1256,438887472,mouse4,self,rear,2501,2503
1257,438887472,mouse4,self,rear,2915,2919
1258,438887472,mouse4,self,rear,2955,2956
1259,438887472,mouse4,self,rear,2983,2984
1260,438887472,mouse4,self,rear,2988,2989
1261,438887472,mouse4,self,rear,2990,2994
1262,438887472,mouse4,self,rear,2995,3036
1263,438887472,mouse4,self,rear,3063,3064
1264,438887472,mouse4,self,rear,3073,3074
1265,438887472,mouse4,self,rear,3300,3302
1266,438887472,mouse4,self,rear,3334,3350
1267,438887472,mouse4,self,rear,3351,3393
1268,438887472,mouse4,self,rear,3408,3409
1269,438887472,mouse4,self,rear,3410,3411
1270,438887472,mouse4,self,rear,3413,3446
1271,438887472,mouse4,self,rear,3499,3502
1272,438887472,mouse4,self,rear,3503,3505
1273,438887472,mouse4,self,rear,3506,3510
1274,438887472,mouse4,self,rear,3516,3528
1275,438887472,mouse4,self,rear,3642,3643
1276,438887472,mouse4,self,rear,3665,3666
1277,438887472,mouse4,self,rear,3679,3680
1278,438887472,mouse4,self,rear,3682,3686
1279,438887472,mouse4,self,rear,3689,3691
1280,438887472,mouse4,self,rear,3726,3728
1281,438887472,mouse4,self,rear,3743,3745
1282,438887472,mouse4,self,rear,3764,3765
1283,438887472,mouse4,self,rear,3766,3772
1284,438887472,mouse4,self,rear,3773,3774
1285,438887472,mouse4,self,rear,3776,3778
1286,438887472,mouse4,self,rear,3781,3782
1287,438887472,mouse4,self,rear,3784,3786
1288,438887472,mouse4,self,rear,3789,3790
1289,438887472,mouse4,self,rear,3861,3864
1290,438887472,mouse4,self,rear,3901,3912
1291,438887472,mouse4,self,rear,3993,3995
1292,438887472,mouse4,self,rear,4310,4311
1293,438887472,mouse4,self,rear,4327,4330
1294,438887472,mouse4,self,rear,4415,4417
1295,438887472,mouse4,self,rear,4418,4419
1296,438887472,mouse4,self,rear,4424,4425
1297,438887472,mouse4,self,rear,4426,4427
1298,438887472,mouse4,self,rear,4431,4437
1299,438887472,mouse4,self,rear,4438,4439
1300,438887472,mouse4,self,rear,4441,4449
1301,438887472,mouse4,self,rear,4450,4461
1302,438887472,mouse4,self,rear,4462,4472
1303,438887472,mouse4,self,rear,4473,4478
1304,438887472,mouse4,self,rear,4479,4485
1305,438887472,mouse4,self,rear,4486,4502
1306,438887472,mouse4,self,rear,4503,4505
1307,438887472,mouse4,self,rear,4506,4507
1308,438887472,mouse4,self,rear,4508,4509
1309,438887472,mouse4,self,rear,4538,4541
1310,438887472,mouse4,self,rear,4542,4545
1311,438887472,mouse4,self,rear,4546,4558
1312,438887472,mouse4,self,rear,4559,4560
1313,438887472,mouse4,self,rear,4765,4797
1314,438887472,mouse4,self,rear,4851,4852
1315,438887472,mouse4,self,rear,4858,4898
1316,438887472,mouse4,self,rear,5049,5100
1317,438887472,mouse4,self,rear,5224,5225
1318,438887472,mouse4,self,rear,5227,5229
1319,438887472,mouse4,self,rear,5233,5234
1320,438887472,mouse4,self,rear,5235,5241
1321,438887472,mouse4,self,rear,5242,5243
1322,438887472,mouse4,self,rear,5245,5246
1323,438887472,mouse4,self,rear,5301,5305
1324,438887472,mouse4,self,rear,5315,5316
1325,438887472,mouse4,self,rear,5325,5326
1326,438887472,mouse4,self,rear,5327,5328
1327,438887472,mouse4,self,rear,5343,5346
1328,438887472,mouse4,self,rear,5348,5350
1329,438887472,mouse4,self,rear,5351,5353
1330,438887472,mouse4,self,rear,5354,5355
1331,438887472,mouse4,self,rear,5357,5375
1332,438887472,mouse4,self,rear,5376,5381
1333,438887472,mouse4,self,rear,5382,5397
1334,438887472,mouse4,self,rear,5405,5412
1335,438887472,mouse4,self,rear,5414,5419
1336,438887472,mouse4,self,rear,5484,5486
1337,438887472,mouse4,self,rear,5487,5491
1338,438887472,mouse4,self,rear,5492,5500
1339,438887472,mouse4,self,rear,5508,5510
1340,438887472,mouse4,self,rear,5514,5572
1341,438887472,mouse4,self,rear,5574,5575
1342,438887472,mouse4,self,rear,5579,5580
1343,438887472,mouse4,self,rear,5581,5592
1344,438887472,mouse4,self,rear,5595,5596
1345,438887472,mouse4,self,rear,5668,5670
1346,438887472,mouse4,self,rear,5682,5686
1347,438887472,mouse4,self,rear,5687,5691
1348,438887472,mouse4,self,rear,5692,5702
1349,438887472,mouse4,self,rear,5759,5760
1350,438887472,mouse4,self,rear,5761,5833
1351,438887472,mouse4,self,rear,5834,5835
1352,438887472,mouse4,self,rear,5839,5840
1353,438887472,mouse4,self,rear,5842,5885
1354,438887472,mouse4,self,rear,5928,5945
1355,438887472,mouse4,self,rear,5971,5974
1356,438887472,mouse4,self,rear,6074,6095
1357,438887472,mouse4,self,rear,6096,6097
1358,438887472,mouse4,self,rear,6117,6118
1359,438887472,mouse4,self,rear,6212,6213
1360,438887472,mouse4,self,rear,6218,6219
1361,438887472,mouse4,self,rear,6220,6223
1362,438887472,mouse4,self,rear,6224,6227
1363,438887472,mouse4,self,rear,6297,6298
1364,438887472,mouse4,self,rear,6299,6301
1365,438887472,mouse4,self,rear,6302,6303
1366,438887472,mouse4,self,rear,6599,6600
1367,438887472,mouse4,self,rear,6605,6607
1368,438887472,mouse4,self,rear,6608,6609
1369,438887472,mouse4,self,rear,6612,6614
1370,438887472,mouse4,self,rear,6615,6623
1371,438887472,mouse4,self,rear,6731,6774
1372,438887472,mouse4,self,rear,6832,6850
1373,438887472,mouse4,self,rear,6851,6852
1374,438887472,mouse4,self,rear,6864,6909
1375,438887472,mouse4,self,rear,6935,6966
1376,438887472,mouse4,self,rear,6987,7019
1377,438887472,mouse4,self,rear,7049,7051
1378,438887472,mouse4,self,rear,7056,7057
1379,438887472,mouse4,self,rear,7429,7432
1380,438887472,mouse4,self,rear,7434,7435
1381,438887472,mouse4,self,rear,7439,7473
1382,438887472,mouse4,self,rear,7476,7477
1383,438887472,mouse4,self,rear,7478,7486
1384,438887472,mouse4,self,rear,7487,7488
1385,438887472,mouse4,self,rear,7500,7501
1386,438887472,mouse4,self,rear,7503,7527
1387,438887472,mouse4,self,rear,7528,7533
1388,438887472,mouse4,self,rear,7537,7538
1389,438887472,mouse4,self,rear,7646,7672
1390,438887472,mouse4,self,rear,8031,8032
1391,438887472,mouse4,self,rear,8173,8174
1392,438887472,mouse4,self,rear,8175,8176
1393,438887472,mouse4,self,rear,8188,8189
1394,438887472,mouse4,self,rear,8210,8211
1395,438887472,mouse4,self,rear,8212,8242
1396,438887472,mouse4,self,rear,8307,8308
1397,438887472,mouse4,self,rear,8311,8312
1398,438887472,mouse4,self,rear,8322,8323
1399,438887472,mouse4,self,rear,8379,8380
1400,438887472,mouse4,self,rear,8386,8389
1401,438887472,mouse4,self,rear,8565,8566
1402,438887472,mouse4,self,rear,8567,8572
1403,438887472,mouse4,self,rear,8628,8629
1404,438887472,mouse4,self,rear,8636,8637
1405,438887472,mouse4,self,rear,8641,8649
1406,438887472,mouse4,self,rear,8655,8661
1407,438887472,mouse4,self,rear,8663,8664
1408,438887472,mouse4,self,rear,8665,8666
1409,438887472,mouse4,self,rear,9065,9066
1410,438887472,mouse4,self,rear,9077,9078
1411,438887472,mouse4,self,rear,9153,9155
1412,438887472,mouse4,self,rear,9156,9183
1413,438887472,mouse4,self,rear,9184,9185
1414,438887472,mouse4,self,rear,9186,9187
1415,438887472,mouse4,self,rear,9340,9341
1416,438887472,mouse4,self,rear,9518,9537
1417,438887472,mouse4,self,rear,9542,9543
1418,438887472,mouse4,self,rear,9596,9599
1419,438887472,mouse4,self,rear,9600,9601
1420,438887472,mouse4,self,rear,9604,9605
1421,438887472,mouse4,self,rear,9615,9616
1422,438887472,mouse4,self,rear,9639,9640
1423,438887472,mouse4,self,rear,9667,9726
1424,438887472,mouse4,self,rear,9727,9728
1425,438887472,mouse4,self,rear,9968,9981
1426,438887472,mouse4,self,rear,9990,9991
1427,438887472,mouse4,self,rear,9997,9998
1428,438887472,mouse4,self,rear,10112,10114
1429,438887472,mouse4,self,rear,10120,10121
1430,438887472,mouse4,self,rear,10126,10138
1431,438887472,mouse4,self,rear,10140,10141
1432,438887472,mouse4,self,rear,10142,10153
1433,438887472,mouse4,self,rear,10376,10378
1434,438887472,mouse4,self,rear,10382,10384
1435,438887472,mouse4,self,rear,10389,10401
1436,438887472,mouse4,self,rear,10402,10425
1437,438887472,mouse4,self,rear,10485,10486
1438,438887472,mouse4,self,rear,10487,10488
1439,438887472,mouse4,self,rear,10628,10632
1440,438887472,mouse4,self,rear,10634,10636
1441,438887472,mouse4,self,rear,10637,10646
1442,438887472,mouse4,self,rear,10647,10654
1443,438887472,mouse4,self,rear,10655,10656
1444,438887472,mouse4,self,rear,10660,10735
1445,438887472,mouse4,self,rear,10737,10794
1446,438887472,mouse4,self,rear,10818,10829
1447,438887472,mouse4,self,rear,10878,10879
1448,438887472,mouse4,self,rear,10880,10882
1449,438887472,mouse4,self,rear,10883,10888
1450,438887472,mouse4,self,rear,10944,10945
1451,438887472,mouse4,self,rear,11058,11059
1452,438887472,mouse4,self,rear,11060,11066
1453,438887472,mouse4,self,rear,11067,11072
1454,438887472,mouse4,self,rear,11074,11089
1455,438887472,mouse4,self,rear,11119,11120
1456,438887472,mouse4,self,rear,11121,11123
1457,438887472,mouse4,self,rear,11125,11138
1458,438887472,mouse4,self,rear,11140,11141
1459,438887472,mouse4,self,rear,11142,11143
1460,438887472,mouse4,self,rear,11148,11149
1461,438887472,mouse4,self,rear,11154,11156
1462,438887472,mouse4,self,rear,11157,11180
1463,438887472,mouse4,self,rear,11486,11499
1464,438887472,mouse4,self,rear,11500,11507
1465,438887472,mouse4,self,rear,11508,11509
1466,438887472,mouse4,self,rear,11786,11789
1467,438887472,mouse4,self,rear,11796,11799
1468,438887472,mouse4,self,rear,11807,11808
1469,438887472,mouse4,self,rear,11903,11905
1470,438887472,mouse4,self,rear,11907,11913
1471,438887472,mouse4,self,rear,12391,12392
1472,438887472,mouse4,self,rear,12393,12434
1473,438887472,mouse4,self,rear,12712,12713
1474,438887472,mouse4,self,rear,12715,12723
1475,438887472,mouse4,self,rear,12724,12742
1476,438887472,mouse4,self,rear,12743,12744
1477,438887472,mouse4,self,rear,12745,12747
1478,438887472,mouse4,self,rear,12870,12872
1479,438887472,mouse4,self,rear,12873,12874
1480,438887472,mouse4,self,rear,12884,12886
1481,438887472,mouse4,self,rear,13183,13184
1482,438887472,mouse4,self,rear,13185,13215
1483,438887472,mouse4,self,rear,13284,13287
1484,438887472,mouse4,self,rear,13631,13632
1485,438887472,mouse4,self,rear,13635,13636
1486,438887472,mouse4,self,rear,13641,13642
1487,438887472,mouse4,self,rear,13647,13654
1488,438887472,mouse4,self,rear,13841,13857
1489,438887472,mouse4,self,rear,13882,13883
1490,438887472,mouse4,self,rear,13885,13888
1491,438887472,mouse4,self,rear,13892,13893
1492,438887472,mouse4,self,rear,13897,13898
1493,438887472,mouse4,self,rear,14008,14009
1494,438887472,mouse4,self,rear,14011,14012
1495,438887472,mouse4,self,rear,14026,14028
1496,438887472,mouse4,self,rear,14042,14043
1497,438887472,mouse4,self,rear,14044,14046
1498,438887472,mouse4,self,rear,14068,14069
1499,438887472,mouse4,self,rear,14080,14081
1500,438887472,mouse4,self,rear,14108,14109
1501,438887472,mouse4,self,rear,14115,14119
1502,438887472,mouse4,self,rear,14190,14191
1503,438887472,mouse4,self,rear,14196,14198
1504,438887472,mouse4,self,rear,14199,14200
1505,438887472,mouse4,self,rear,14206,14207
1506,438887472,mouse4,self,rear,14208,14248
1507,438887472,mouse4,self,rear,14249,14252
1508,438887472,mouse4,self,rear,14253,14260
1509,438887472,mouse4,self,rear,14312,14313
1510,438887472,mouse4,self,rear,14314,14338
1511,438887472,mouse4,self,rear,14339,14340
1512,438887472,mouse4,self,rear,14393,14394
1513,438887472,mouse4,self,rear,14396,14397
1514,438887472,mouse4,self,rear,14431,14444
1515,438887472,mouse4,self,rear,14508,14509
1516,438887472,mouse4,self,rear,14513,14521
1517,438887472,mouse4,self,rear,14525,14530
1518,438887472,mouse4,self,rear,14531,14533
1519,438887472,mouse4,self,rear,14573,14574
1520,438887472,mouse4,self,rear,14576,14579
1521,438887472,mouse4,self,rear,14702,14743
1522,438887472,mouse4,self,rear,14744,14745
1523,438887472,mouse4,self,rear,14943,14945
1524,438887472,mouse4,self,rear,14947,14963
1525,438887472,mouse4,self,rear,14964,14965
1526,438887472,mouse4,self,rear,14968,14972
1527,438887472,mouse4,self,rear,14994,14995
1528,438887472,mouse4,self,rear,15010,15012
1529,438887472,mouse4,self,rear,15016,15017
1530,438887472,mouse4,self,rear,15024,15027
1531,438887472,mouse4,self,rear,15029,15030
1532,438887472,mouse4,self,rear,15031,15032
1533,438887472,mouse4,self,rear,15033,15036
1534,438887472,mouse4,self,rear,15038,15049
1535,438887472,mouse4,self,rear,15050,15056
1536,438887472,mouse4,self,rear,15057,15071
1537,438887472,mouse4,self,rear,15072,15074
1538,438887472,mouse4,self,rear,15075,15077
1539,438887472,mouse4,self,rear,15078,15079
1540,438887472,mouse4,self,rear,15080,15081
1541,438887472,mouse4,self,rear,15177,15216
1542,438887472,mouse4,self,rear,15277,15280
1543,438887472,mouse4,self,rear,15281,15293
1544,438887472,mouse4,self,rear,15306,15309
1545,438887472,mouse4,self,rear,15310,15313
1546,438887472,mouse4,self,rear,15316,15317
1547,438887472,mouse4,self,rear,15318,15320
1548,438887472,mouse4,self,rear,15326,15327
1549,438887472,mouse4,self,rear,15329,15331
1550,438887472,mouse4,self,rear,15332,15334
1551,438887472,mouse4,self,rear,15335,15339
1552,438887472,mouse4,self,rear,15340,15341
1553,438887472,mouse4,self,rear,15344,15381
1554,438887472,mouse4,self,rear,15382,15388
1555,438887472,mouse4,self,rear,15393,15398
1556,438887472,mouse4,self,rear,15413,15414
1557,438887472,mouse4,self,rear,15416,15417
1558,438887472,mouse4,self,rear,15478,15498
1559,438887472,mouse4,self,rear,15552,15553
1560,438887472,mouse4,self,rear,15554,15555
1561,438887472,mouse4,self,rear,15559,15571
1562,438887472,mouse4,self,rear,15574,15580
1563,438887472,mouse4,self,rear,15583,15597
1564,438887472,mouse4,self,rear,15599,15602
1565,438887472,mouse4,self,rear,15608,15610
1566,438887472,mouse4,self,rear,15614,15615
1567,438887472,mouse4,self,rear,15618,15626
1568,438887472,mouse4,self,rear,15629,15636
1569,438887472,mouse4,self,rear,15645,15646
1570,438887472,mouse4,self,rear,15649,15650
1571,438887472,mouse4,self,rear,15651,15710
1572,438887472,mouse4,self,rear,15711,15713
1573,438887472,mouse4,self,rear,15802,15803
1574,438887472,mouse4,self,rear,15813,15814
1575,438887472,mouse4,self,rear,15816,15817
1576,438887472,mouse4,self,rear,15818,15819
1577,438887472,mouse4,self,rear,15820,15821
1578,438887472,mouse4,self,rear,15899,15900
1579,438887472,mouse4,self,rear,15904,15909
1580,438887472,mouse4,self,rear,15919,15921
1581,438887472,mouse4,self,rear,15922,15927
1582,438887472,mouse4,self,rear,15928,15941
1583,438887472,mouse4,self,rear,16026,16027
1584,438887472,mouse4,self,rear,16029,16030
1585,438887472,mouse4,self,rear,16042,16043
1586,438887472,mouse4,self,rear,16044,16050
1587,438887472,mouse4,self,rear,16053,16054
1588,438887472,mouse4,self,rear,16059,16060
1589,438887472,mouse4,self,rear,16061,16062
1590,438887472,mouse4,self,rear,16115,16116
1591,438887472,mouse4,self,rear,16120,16121
1592,438887472,mouse4,self,rear,16122,16126
1593,438887472,mouse4,self,rear,16129,16175
1594,438887472,mouse4,self,rear,16187,16188
1595,438887472,mouse4,self,rear,16295,16307
1596,438887472,mouse4,self,rear,16313,16317
1597,438887472,mouse4,self,rear,16326,16332
1598,438887472,mouse4,self,rear,16333,16341
1599,438887472,mouse4,self,rear,16348,16366
1600,438887472,mouse4,self,rear,16367,16388
1601,438887472,mouse4,self,rear,16389,16390
1602,438887472,mouse4,self,rear,16409,16410
1603,438887472,mouse4,self,rear,16589,16590
1604,438887472,mouse4,self,rear,16594,16595
1605,438887472,mouse4,self,rear,16602,16603
1606,438887472,mouse4,self,rear,16621,16622
1607,438887472,mouse4,self,rear,16625,16627
1608,438887472,mouse4,self,rear,16628,16646
1609,438887472,mouse4,self,rear,16704,16706
1610,438887472,mouse4,self,rear,16761,16762
1611,438887472,mouse4,self,rear,16763,16764
1612,438887472,mouse4,self,rear,16765,16768
1613,438887472,mouse4,self,rear,16769,16773
1614,438887472,mouse4,self,rear,16775,16777
1615,438887472,mouse4,self,rear,16778,16781
1616,438887472,mouse4,self,rear,16783,16784
1617,438887472,mouse4,self,rear,16785,16787
1618,438887472,mouse4,self,rear,16788,16789
1619,438887472,mouse4,self,rear,17251,17277
1620,438887472,mouse4,self,rear,17741,17743
1621,438887472,mouse4,self,rear,17750,17753
1622,438887472,mouse4,self,rear,17754,17761
1623,438887472,mouse4,self,rear,17764,17765
1624,438887472,mouse4,self,rear,17866,17867
1625,438887472,mouse4,self,rear,17874,17875
1626,438887472,mouse4,self,rear,17879,17882
1627,438887472,mouse4,self,rear,18409,18410
